<?xml version="1.0" encoding="utf-8"?>
<summary>
  <header>
    <filesignature>LASF</filesignature>
    <projectdid>00000000-0000-0000-0000-000000000000</projectdid>
    <systemid/>
    <softwareid>TerraScan</softwareid>
    <version>1.2</version>
    <filesourceid>0</filesourceid>
    <reserved>0</reserved>
    <srs>
      <proj4/>
      <prettywkt/>
      <wkt/>
      <compoundwkt/>
      <prettycompoundwkt/>
      <gtiff>Geotiff_Information:
   Version: 1
   Key_Revision: 1.0
   Tagged_Information:
      End_Of_Tags.
   Keyed_Information:
      End_Of_Keys.
   End_Of_Geotiff.
</gtiff>
    </srs>
    <date>0/0</date>
    <size>227</size>
    <dataoffset>333</dataoffset>
    <count>1065</count>
    <dataformatid>3</dataformatid>
    <datarecordlength>34</datarecordlength>
    <compressed>true</compressed>
    <returns>
      <return>
        <id>0</id>
        <count>925</count>
      </return>
      <return>
        <id>1</id>
        <count>114</count>
      </return>
      <return>
        <id>2</id>
        <count>21</count>
      </return>
      <return>
        <id>3</id>
        <count>5</count>
      </return>
      <return>
        <id>4</id>
        <count>0</count>
      </return>
    </returns>
    <scale>
      <x>0.01</x>
      <y>0.01</y>
      <z>0.01</z>
    </scale>
    <offset>
      <x>-0</x>
      <y>-0</y>
      <z>-0</z>
    </offset>
    <minimum>
      <x>635619.85</x>
      <y>848899.7000000001</y>
      <z>406.59</z>
    </minimum>
    <maximum>
      <x>638982.55</x>
      <y>853535.4300000001</y>
      <z>586.38</z>
    </maximum>
    <vlrs>
      <vlr>
        <userid>laszip encoded</userid>
        <description>encoded for sequential access</description>
        <length>52</length>
        <id>22204</id>
      </vlr>
    </vlrs>
    <schema>
      <LASSchema>
        <dimensions>
          <dimension>
            <name>X</name>
            <description>x coordinate as a long integer.  You must use the scale and offset information of the header to determine the double value.</description>
            <position>0</position>
            <active>1</active>
            <size>32</size>
            <integer>1</integer>
            <signed>1</signed>
            <required>1</required>
            <byteoffset>0</byteoffset>
            <bitoffset>0</bitoffset>
            <bytesize>4</bytesize>
          </dimension>
          <dimension>
            <name>Y</name>
            <description>y coordinate as a long integer.  You must use the scale and offset information of the header to determine the double value.</description>
            <position>1</position>
            <active>1</active>
            <size>32</size>
            <integer>1</integer>
            <signed>1</signed>
            <required>1</required>
            <byteoffset>4</byteoffset>
            <bitoffset>0</bitoffset>
            <bytesize>4</bytesize>
          </dimension>
          <dimension>
            <name>Z</name>
            <description>z coordinate as a long integer.  You must use the scale and offset information of the header to determine the double value.</description>
            <position>2</position>
            <active>1</active>
            <size>32</size>
            <integer>1</integer>
            <signed>1</signed>
            <required>1</required>
            <byteoffset>8</byteoffset>
            <bitoffset>0</bitoffset>
            <bytesize>4</bytesize>
          </dimension>
          <dimension>
            <name>Intensity</name>
            <description>The intensity value is the integer representation of the pulse return magnitude. This value is optional and system specific. However, it should always be included if available.</description>
            <position>3</position>
            <active>1</active>
            <size>16</size>
            <integer>1</integer>
            <signed>0</signed>
            <required>1</required>
            <byteoffset>12</byteoffset>
            <bitoffset>0</bitoffset>
            <bytesize>2</bytesize>
          </dimension>
          <dimension>
            <name>Return Number</name>
            <description>Return Number: The Return Number is the pulse return number for a given output pulse. A given output laser pulse can have many returns, and they must be marked in sequence of return. The first return will have a Return Number of one, the second a Return Number of two, and so on up to five returns.</description>
            <position>4</position>
            <active>1</active>
            <size>3</size>
            <integer>1</integer>
            <signed>0</signed>
            <required>1</required>
            <byteoffset>14</byteoffset>
            <bitoffset>3</bitoffset>
            <bytesize>1</bytesize>
          </dimension>
          <dimension>
            <name>Number of Returns</name>
            <description>Number of Returns (for this emitted pulse): The Number of Returns is the total number of returns for a given pulse. For example, a laser data point may be return two (Return Number) within a total number of five returns.</description>
            <position>5</position>
            <active>1</active>
            <size>3</size>
            <integer>1</integer>
            <signed>0</signed>
            <required>1</required>
            <byteoffset>14</byteoffset>
            <bitoffset>6</bitoffset>
            <bytesize>1</bytesize>
          </dimension>
          <dimension>
            <name>Scan Direction</name>
            <description>The Scan Direction Flag denotes the direction at which the scanner mirror was traveling at the time of the output pulse. A bit value of 1 is a positive scan direction, and a bit value of 0 is a negative scan direction (where positive scan direction is a scan moving from the left side of the in-track direction to the right side and negative the opposite). </description>
            <position>6</position>
            <active>1</active>
            <size>1</size>
            <integer>1</integer>
            <signed>0</signed>
            <required>1</required>
            <byteoffset>14</byteoffset>
            <bitoffset>7</bitoffset>
            <bytesize>1</bytesize>
          </dimension>
          <dimension>
            <name>Flightline Edge</name>
            <description>The Edge of Flight Line data bit has a value of 1 only when the point is at the end of a scan. It is the last point on a given scan line before it changes direction.</description>
            <position>7</position>
            <active>1</active>
            <size>1</size>
            <integer>1</integer>
            <signed>0</signed>
            <required>1</required>
            <byteoffset>14</byteoffset>
            <bitoffset>8</bitoffset>
            <bytesize>1</bytesize>
          </dimension>
          <dimension>
            <name>Classification</name>
            <description>Classification in LAS 1.0 was essentially user defined and optional. LAS 1.1 defines a standard set of ASPRS classifications. In addition, the field is now mandatory. If a point has never been classified, this byte must be set to zero. There are no user defined classes since both point format 0 and point format 1 supply 8 bits per point for user defined operations. Note that the format for classification is a bit encoded field with the lower five bits used for class and the three high bits used for flags.</description>
            <position>8</position>
            <active>1</active>
            <size>8</size>
            <integer>0</integer>
            <signed>0</signed>
            <required>1</required>
            <byteoffset>15</byteoffset>
            <bitoffset>0</bitoffset>
            <bytesize>1</bytesize>
          </dimension>
          <dimension>
            <name>Scan Angle Rank</name>
            <description>The Scan Angle Rank is a signed one-byte number with a valid range from -90 to +90. The Scan Angle Rank is the angle (rounded to the nearest integer in the absolute value sense) at which the laser point was output from the laser system including the roll of the aircraft. The scan angle is within 1 degree of accuracy from +90 to –90 degrees. The scan angle is an angle based on 0 degrees being nadir, and –90 degrees to the left side of the aircraft in the direction of flight.</description>
            <position>9</position>
            <active>1</active>
            <size>8</size>
            <integer>1</integer>
            <signed>1</signed>
            <required>1</required>
            <byteoffset>16</byteoffset>
            <bitoffset>0</bitoffset>
            <bytesize>1</bytesize>
          </dimension>
          <dimension>
            <name>User Data</name>
            <description>This field may be used at the user’s discretion</description>
            <position>10</position>
            <active>1</active>
            <size>8</size>
            <integer>0</integer>
            <signed>0</signed>
            <required>1</required>
            <byteoffset>17</byteoffset>
            <bitoffset>0</bitoffset>
            <bytesize>1</bytesize>
          </dimension>
          <dimension>
            <name>Point Source ID</name>
            <description>This value indicates the file from which this point originated. Valid values for this field are 1 to 65,535 inclusive with zero being used for a special case discussed below. The numerical value corresponds to the File Source ID from which this point originated. Zero is reserved as a convenience to system implementers. A Point Source ID of zero implies that this point originated in this file. This implies that processing software should set the Point Source ID equal to the File Source ID of the file containing this point at some time during processing. </description>
            <position>11</position>
            <active>1</active>
            <size>16</size>
            <integer>1</integer>
            <signed>0</signed>
            <required>1</required>
            <byteoffset>18</byteoffset>
            <bitoffset>0</bitoffset>
            <bytesize>2</bytesize>
          </dimension>
          <dimension>
            <name>Time</name>
            <description>The GPS Time is the double floating point time tag value at which the point was acquired. It is GPS Week Time if the Global Encoding low bit is clear and Adjusted Standard GPS Time if the Global Encoding low bit is set (see Global Encoding in the Public Header Block description).</description>
            <position>12</position>
            <active>1</active>
            <size>64</size>
            <integer>0</integer>
            <signed>0</signed>
            <required>1</required>
            <byteoffset>20</byteoffset>
            <bitoffset>0</bitoffset>
            <bytesize>8</bytesize>
          </dimension>
          <dimension>
            <name>Red</name>
            <description>The red image channel value associated with this point</description>
            <position>13</position>
            <active>1</active>
            <size>16</size>
            <integer>1</integer>
            <signed>0</signed>
            <required>1</required>
            <byteoffset>28</byteoffset>
            <bitoffset>0</bitoffset>
            <bytesize>2</bytesize>
          </dimension>
          <dimension>
            <name>Green</name>
            <description>The green image channel value associated with this point</description>
            <position>14</position>
            <active>1</active>
            <size>16</size>
            <integer>1</integer>
            <signed>0</signed>
            <required>1</required>
            <byteoffset>30</byteoffset>
            <bitoffset>0</bitoffset>
            <bytesize>2</bytesize>
          </dimension>
          <dimension>
            <name>Blue</name>
            <description>The blue image channel value associated with this point</description>
            <position>15</position>
            <active>1</active>
            <size>16</size>
            <integer>1</integer>
            <signed>0</signed>
            <required>1</required>
            <byteoffset>32</byteoffset>
            <bitoffset>0</bitoffset>
            <bytesize>2</bytesize>
          </dimension>
        </dimensions>
        <version>1.0</version>
        <liblas>1.6.0</liblas>
        <formatid>3</formatid>
      </LASSchema>
    </schema>
  </header>
  <points>
    <minimum>
      <x>635619.85</x>
      <y>848899.7000000001</y>
      <z>406.59</z>
      <time>245370.4170645598</time>
      <intensity>0</intensity>
      <returnnumber>1</returnnumber>
      <numberofreturns>1</numberofreturns>
      <scandirection>0</scandirection>
      <scanangle>-19</scanangle>
      <flightlineedge>0</flightlineedge>
      <userdata>117</userdata>
      <pointsourceid>7326</pointsourceid>
      <classification>
        <name>Unclassified</name>
        <id>1</id>
        <withheld>false</withheld>
        <keypoint>false</keypoint>
        <synthetic>false</synthetic>
      </classification>
      <color>
        <red>39</red>
        <green>57</green>
        <blue>56</blue>
      </color>
    </minimum>
    <maximum>
      <x>638982.55</x>
      <y>853535.4300000001</y>
      <z>586.38</z>
      <time>249783.1621583719</time>
      <intensity>254</intensity>
      <returnnumber>4</returnnumber>
      <numberofreturns>4</numberofreturns>
      <scandirection>1</scandirection>
      <scanangle>18</scanangle>
      <flightlineedge>0</flightlineedge>
      <userdata>149</userdata>
      <pointsourceid>7334</pointsourceid>
      <classification>
        <name>Ground</name>
        <id>2</id>
        <withheld>false</withheld>
        <keypoint>false</keypoint>
        <synthetic>false</synthetic>
      </classification>
      <color>
        <red>249</red>
        <green>239</green>
        <blue>249</blue>
      </color>
    </maximum>
    <classification>
      <classification>
        <name>Unclassified</name>
        <count>789</count>
        <id>1</id>
      </classification>
      <classification>
        <name>Ground</name>
        <count>276</count>
        <id>2</id>
      </classification>
    </classification>
    <encoding>
      <withheld>0</withheld>
      <keypoint>0</keypoint>
      <synthetic>0</synthetic>
    </encoding>
    <points_by_return>
      <return>
        <id>1</id>
        <count>925</count>
      </return>
      <return>
        <id>2</id>
        <count>114</count>
      </return>
      <return>
        <id>3</id>
        <count>21</count>
      </return>
      <return>
        <id>4</id>
        <count>5</count>
      </return>
    </points_by_return>
    <returns_of_given_pulse>
      <pulse>
        <id>1</id>
        <count>789</count>
      </pulse>
      <pulse>
        <id>2</id>
        <count>195</count>
      </pulse>
      <pulse>
        <id>3</id>
        <count>71</count>
      </pulse>
      <pulse>
        <id>4</id>
        <count>10</count>
      </pulse>
    </returns_of_given_pulse>
    <count>1065</count>
  </points>
</summary>
